Donnée recherchée;KQI Informatica;Description KQI;Description du contrôle;Dimension qualité;Projet Informatica;Dossier Informatica;Profil Informatica;Source du profil;Chemin source;Champs contrôlés;Mapping d'entrée;Rule Specification;Description de la règle;Fréquence KQI;Criticité KQI;Seuil KQI;Cible KQI;Élément de rapprochement;ID KQI;ID profil FRS
Adresse de l'établissement lié à la contrepartie;KQI_RET_COH_Ecart_Adresse_CodePostal;Mesure la coherence de adresse de l'établissement lié à la contrepartie en comparant les champs CPOSTB et codepostalbd afin d'identifier les ecarts entre les sources ou applications controlees dans le profil PROFIL_BCPRET_ADRESSE_CLIENT_PP, alimente par M_BCPRET_adresse_client_pp.csv.;Non renseignée;Consistency;BPI_CDQ_RET;PROFIL;PROFIL_BCPRET_ADRESSE_CLIENT_PP;M_BCPRET_adresse_client_pp.csv;bpi-fr-dag-prod-raw-bucket/users%2F/ret%2F;CPOSTB | codepostalbd;NewInput2 <- CPOSTB | NewInput1 <- codepostalbd;RQ_RET_COH_Adresse_code_postal;règle d'écart entre les champs des codes postaux;Daily;High;0.0;0.0;"Nom du KQI: adresse ; Champs source: cpost ; Mapping d'entrée: cpost ; Rule Specification: adresse ; Profil: adresse ; Source: adresse";71de37bf-be3e-4d6b-98a2-c93850bf221c;3TWm9mm2bEAkjeYNZJ9WmI
Adresse de l'établissement lié à la contrepartie;KQI_RET_COH_Ecart_Adresse_Nom_Type_Voie;Mesure la coherence de adresse de l'établissement lié à la contrepartie en comparant les champs NTN_ADRESSE_BCP et ntn_adresse_ret afin d'identifier les ecarts entre les sources ou applications controlees dans le profil PROFIL_BCPRET_ADRESSE_CLIENT_PP, alimente par M_BCPRET_adresse_client_pp.csv.;Non renseignée;Consistency;BPI_CDQ_RET;PROFIL;PROFIL_BCPRET_ADRESSE_CLIENT_PP;M_BCPRET_adresse_client_pp.csv;bpi-fr-dag-prod-raw-bucket/users%2F/ret%2F;NTN_ADRESSE_BCP | ntn_adresse_ret;NewInput1 <- NTN_ADRESSE_BCP | NewInput2 <- ntn_adresse_ret;RQ_RET_COH_General;règle d'écart entre les champs entre RET et BCP;Daily;High;80.0;95.0;"Nom du KQI: adresse, typevoie ; Champs source: adresse ; Mapping d'entrée: adresse ; Profil: adresse ; Source: adresse";f4a1a78a-69f7-4d82-b1e8-9f6a335b829b;3TWm9mm2bEAkjeYNZJ9WmI
Adresse de l'établissement lié à la contrepartie;KQI_RET_COH_Ecart_Adresse_NumVoie;Mesure la coherence de adresse de l'établissement lié à la contrepartie en comparant les champs NOVOIEFULL et ligne1_cleaned afin d'identifier les ecarts entre les sources ou applications controlees dans le profil PROFIL_BCPRET_ADRESSE_CLIENT_PP, alimente par M_BCPRET_adresse_client_pp.csv.;Non renseignée;Consistency;BPI_CDQ_RET;PROFIL;PROFIL_BCPRET_ADRESSE_CLIENT_PP;M_BCPRET_adresse_client_pp.csv;bpi-fr-dag-prod-raw-bucket/users%2F/ret%2F;NOVOIEFULL | ligne1_cleaned;NewInput1 <- NOVOIEFULL | NewInput2 <- ligne1_cleaned;RQ_RET_COH_General;règle d'écart entre les champs entre RET et BCP;Daily;High;0.0;0.0;"Nom du KQI: adresse, numvoie ; Profil: adresse ; Source: adresse";f8eb64ce-75e5-4488-ad0f-1b0846728c60;3TWm9mm2bEAkjeYNZJ9WmI
Adresse de l'établissement lié à la contrepartie;KQI_RET_COH_Ecart_Adresse_TypeVoie;Mesure la coherence de adresse de l'établissement lié à la contrepartie en comparant les champs LTYVOI et ligne2_cleaned afin d'identifier les ecarts entre les sources ou applications controlees dans le profil PROFIL_BCPRET_ADRESSE_CLIENT_PP, alimente par M_BCPRET_adresse_client_pp.csv.;Non renseignée;Consistency;BPI_CDQ_RET;PROFIL;PROFIL_BCPRET_ADRESSE_CLIENT_PP;M_BCPRET_adresse_client_pp.csv;bpi-fr-dag-prod-raw-bucket/users%2F/ret%2F;LTYVOI | ligne2_cleaned;NewInput1 <- LTYVOI | NewInput2 <- ligne2_cleaned;RQ_RET_COH_General;règle d'écart entre les champs entre RET et BCP;Daily;High;0.0;0.0;"Nom du KQI: adresse, typevoie ; Profil: adresse ; Source: adresse";37eb58ce-28c9-4615-b91b-80f90588907a;3TWm9mm2bEAkjeYNZJ9WmI
Code agent économique;KQI_BCPRET_COH_Ecart_CodeAgeco;Mesure la coherence de code agent économique en verifiant que le champ REGLE_RET_COH_CODEAGECO ne presente pas d'ecart metier selon la regle RQ_RET_BCPRET_COH_ECART dans le profil PROFIL_RETBCP_FORME_CATEGORIE_JURIDIQUE_BAFI, alimente par CTL_RETBCP_FORME_CATEGORIE_JURIDIQUE_BAFI.csv.;Non renseignée;Consistency;BPI_CDQ_RETBCP;Profil;PROFIL_RETBCP_FORME_CATEGORIE_JURIDIQUE_BAFI;CTL_RETBCP_FORME_CATEGORIE_JURIDIQUE_BAFI.csv;bpi-fr-dag-prod-raw-bucket/CTLRET%2F;REGLE_RET_COH_CODEAGECO;NewInput1 <- REGLE_RET_COH_CODEAGECO;RQ_RET_BCPRET_COH_ECART;;Daily;High;0.0;1.0;"Nom du KQI: ageco ; Champs source: ageco ; Mapping d'entrée: ageco";d2ee7001-9fbf-4d85-96c3-ae192a20028f;4Qi9P376M7ii9rJtogcRaL
Code GICS;KQI_RET_COM_codegicsfk;Mesure la completude de code GICS en verifiant que les champs codegicsfk_ et codegicsfk_ est renseigne pour les enregistrements controles dans le profil Profil_RET_PersonneMorale, alimente par STG_EBX_REP_RET_PERSONNEMORALE.csv.;Non renseignée;Completeness;BPI_CDQ_RET;PROFIL;Profil_RET_PersonneMorale;STG_EBX_REP_RET_PERSONNEMORALE.csv;bpi-fr-dag-prod-raw-bucket/STGRET%2F/STG_EBX_REP_RET_PERSONNEMORALE%2F;codegicsfk_ | codegicsfk_;In_Field1 <- codegicsfk_ | In_Field1 <- codegicsfk_;RQ_CDQ_COM_check_not_null;Vérifie si l'entrée est nulle;Daily;High;82.0;97.0;"Nom du KQI: code gics ; Champs source: code gics ; Mapping d'entrée: code gics";a066ac99-8cd8-4661-96c2-32e3080819bf;6httAlz9ClTjkqtNHLAUGX
Code Produit;KQI_DVN_COM_code_produit_PV;Mesure la completude de code Produit en verifiant que le champ code_produit est renseigne pour les enregistrements controles dans le profil Profil_ESG_QCLIMAT_Prod_Verte, alimente par interventions.;Non renseignée;Completeness;BPI_CDQ_ESG;Profil;Profil_ESG_QCLIMAT_Prod_Verte;interventions;AwsDataCatalog/corp_esg_qclimat_production_verte;code_produit;In_Field1 <- code_produit;rs_check_input_is_not_null;Verifies if the input is null.;Daily;High;85.0;100.0;"Nom du KQI: code produit, produit ; Champs source: code produit, produit ; Mapping d'entrée: code produit, produit";1a5b2045-1442-47fb-8da4-b13af3aeef39;fdjdQN13eithmXHOcZ6mAK
Code Produit;KQI_RCT_COM_customer_agreement_legacy_product_code_PFA;Mesure la completude de code Produit en verifiant que le champ legacy_product_code est renseigne pour les enregistrements controles dans le profil Profile_RCT_PFA_customer_agreement, alimente par customer_agreement.;Non renseignée;Completeness;BPI_CDQ_RCT;PROFIL;Profile_RCT_PFA_customer_agreement;customer_agreement;AwsDataCatalog/database_pfa_prod;legacy_product_code;In_Field1 <- legacy_product_code;rs_check_input_is_not_null;Verifies if the input is null.;Daily;High;80.0;95.0;"Nom du KQI: product code, productcode ; Champs source: product code, productcode ; Mapping d'entrée: product code, productcode";1687c1bf-5345-4108-abb5-74caa9c4a120;6W6gpO2miOveidmHhbD2sv
Code Produit;KQI_RCT_COM_VUE_factures_pfa_legacy_product_code;Mesure la completude de code Produit en verifiant que le champ legacy_product_code est renseigne pour les enregistrements controles dans le profil Profile_RCT_PFA_vue_factures_pfa, alimente par vue_factures_pfa.;Non renseignée;Completeness;BPI_CDQ_RCT;PROFIL;Profile_RCT_PFA_vue_factures_pfa;vue_factures_pfa;AwsDataCatalog/database_pfa_prod;legacy_product_code;NewInput1 <- legacy_product_code;RQ_RCT_COH_notnull;Complétude  : vérifier que le champ est bien renseigné.;Daily;High;80.0;95.0;"Nom du KQI: product code, productcode ; Champs source: product code, productcode ; Mapping d'entrée: product code, productcode";66ab0ffb-4c32-4d59-8396-2b976e69a235;ajrmFdBWk3YdyFmZP2xNSf
Emissions équivalent CO2 d'une entreprise;KQI_ESG_COH_PAIN_carbonintensityofcompaniesinportfolio;Mesure la validite des emissions equivalent CO2 en verifiant que le champ carbonintensityofcompaniesinportfolio contient une valeur numerique inferieure a 5000 dans le profil Profil_ESG_PAIN_Principal_Adverse_Impact_vw_1, alimente par pain_principal_adverse_impact_vw.;Non renseignée;Validity;BPI_CDQ_ESG;Profil;Profil_ESG_PAIN_Principal_Adverse_Impact_vw_1;pain_principal_adverse_impact_vw;AwsDataCatalog/corp_esg_db_confidential_p;carbonintensityofcompaniesinportfolio;Input <- carbonintensityofcompaniesinportfolio;RQ_ESG_COH_inf5000;Est un chiffre et est inférieur à 5000;Daily;High;85.0;100.0;"Nom du KQI: carbon, carbonintensity ; Champs source: carbon, carbonintensity ; Mapping d'entrée: carbon, carbonintensity";dbb4d6e1-e198-4930-974e-edb5c689fa36;aMJdLTEObGjlL7xrhJfb2T
Flag coté / non coté;KQI_RET_COH_Ecart_SocieteCotee;Mesure la coherence de flag coté / non coté en comparant les champs C_SCTE_COT et societecotee1 afin d'identifier les ecarts entre les sources ou applications controlees dans le profil PROFIL_BCPRET_ECART_DONNEES_SIGNALITIQUES_2, alimente par m_ret_bcp_donnees_signalitiques2.csv.;Non renseignée;Consistency;BPI_CDQ_RET;PROFIL;PROFIL_BCPRET_ECART_DONNEES_SIGNALITIQUES_2;m_ret_bcp_donnees_signalitiques2.csv;bpi-fr-dag-prod-raw-bucket/users%2F/ret%2F;C_SCTE_COT | societecotee1;NewInput1 <- C_SCTE_COT | NewInput2 <- societecotee1;RQ_RET_COH_General;règle d'écart entre les champs entre RET et BCP;Daily;High;80.0;95.0;"Nom du KQI: cotee, societe cote ; Champs source: cotee, societe cote ; Mapping d'entrée: cotee, societe cote";6fb0de57-6787-44bc-9417-06dcdfca322a;97WlJFJKR2DkwjM9xYwier
Forme juridique;KQI_BCPRET_COH_Ecart_CategJuridique;Mesure la coherence de forme juridique en verifiant que le champ REGLE_RET_COH_CATEGORIEJURIDIQUE ne presente pas d'ecart metier selon la regle RQ_RET_BCPRET_COH_ECART dans le profil PROFIL_RETBCP_FORME_CATEGORIE_JURIDIQUE_BAFI, alimente par CTL_RETBCP_FORME_CATEGORIE_JURIDIQUE_BAFI.csv.;Non renseignée;Consistency;BPI_CDQ_RETBCP;Profil;PROFIL_RETBCP_FORME_CATEGORIE_JURIDIQUE_BAFI;CTL_RETBCP_FORME_CATEGORIE_JURIDIQUE_BAFI.csv;bpi-fr-dag-prod-raw-bucket/CTLRET%2F;REGLE_RET_COH_CATEGORIEJURIDIQUE;NewInput1 <- REGLE_RET_COH_CATEGORIEJURIDIQUE;RQ_RET_BCPRET_COH_ECART;;Daily;High;80.0;95.0;Nom du KQI: categjuridique;3f9deabd-115b-4ecb-99db-8a10526ae209;4Qi9P376M7ii9rJtogcRaL
Forme juridique;KQI_BCPRET_COH_Ecart_FormeJuridique;Mesure la coherence de forme juridique en verifiant que le champ REGLE_RET_COH_FORMEJURIDIQUE ne presente pas d'ecart metier selon la regle RQ_RET_BCPRET_COH_ECART dans le profil PROFIL_RETBCP_FORME_CATEGORIE_JURIDIQUE_BAFI, alimente par CTL_RETBCP_FORME_CATEGORIE_JURIDIQUE_BAFI.csv.;Non renseignée;Consistency;BPI_CDQ_RETBCP;Profil;PROFIL_RETBCP_FORME_CATEGORIE_JURIDIQUE_BAFI;CTL_RETBCP_FORME_CATEGORIE_JURIDIQUE_BAFI.csv;bpi-fr-dag-prod-raw-bucket/CTLRET%2F;REGLE_RET_COH_FORMEJURIDIQUE;NewInput1 <- REGLE_RET_COH_FORMEJURIDIQUE;RQ_RET_BCPRET_COH_ECART;;Daily;High;80.0;95.0;"Nom du KQI: forme juridique ; Champs source: forme juridique ; Mapping d'entrée: forme juridique";f8f9b062-d008-4003-a0cc-be9378adb0fe;4Qi9P376M7ii9rJtogcRaL
Groupe bénéficiaire;KQI_CLI_ACT_BeneficiaryGroup_001;Mesure l'actualite de groupe bénéficiaire en verifiant que les champs eventDate et b_isconsolidatedlinkbygroup est mis a jour selon l'exigence metier dans le profil Profile_CLI_vw_party_beneficiary_group_v1, alimente par tmp_cli_ret_benefgrp_vw.csv.;Non renseignée;Timeliness;BPI_CDQ_CLI;PROFIL;Profile_CLI_vw_party_beneficiary_group_v1;tmp_cli_ret_benefgrp_vw.csv;bpi-fr-dag-prod-usecases-bucket/CLI%2F;eventDate | b_isconsolidatedlinkbygroup;eventDate <- eventDate | b_isconsolidatedlinkbygroup <- b_isconsolidatedlinkbygroup;RQ_CLI_ACT_RET_Groupe_bénéficiaire;EQ_Actualité : Le groupe bénéficiaire doit avoir un lien consolidant mis à jour après 2019;Daily;High;80.0;95.0;"Nom du KQI: beneficiarygroup ; Rule Specification: beneficiaire, groupe benef, groupe beneficiaire ; Profil: beneficiarygroup";b9c70a15-2d5f-47c7-ab91-e35a7e4fddec;76WvgbE7NBIj3xwfpSOvY4
Groupe bénéficiaire;KQI_RET_BCP_COH_Groupes_Beneficiaires;Mesure la coherence de groupe bénéficiaire en verifiant que le champ sortie ne presente pas d'ecart metier selon la regle RQ_RET_COH_Ecart2 dans le profil PROFIL_RET_BCP_Groupe_Beneficiaire, alimente par test_concat_grp_bnf_test.csv.;Non renseignée;Consistency;BPI_CDQ_RETBCP;Profil;PROFIL_RET_BCP_Groupe_Beneficiaire;test_concat_grp_bnf_test.csv;bpi-fr-dag-prod-raw-bucket/users%2F/ret%2F;sortie;NewInput1 <- sortie;RQ_RET_COH_Ecart2;"Si le début commence par ""Pas d ecart"", alors valide, sinon Invalide";Daily;High;0.0;0.0;"Nom du KQI: beneficiaire ; Profil: beneficiaire, groupe benef, groupe beneficiaire";293e45d4-cc38-4d6c-8480-bfc8985b7060;4pdiuNYNMaGi1WfvPhaSGV
Identifiant du contrat;KQI_RCT_COM_customer_agreement_customer_agreement_identifier_PFA;Mesure la completude de identifiant du contrat en verifiant que le champ customer_agreement_identifier est renseigne pour les enregistrements controles dans le profil Profile_RCT_PFA_customer_agreement, alimente par customer_agreement.;Non renseignée;Completeness;BPI_CDQ_RCT;PROFIL;Profile_RCT_PFA_customer_agreement;customer_agreement;AwsDataCatalog/database_pfa_prod;customer_agreement_identifier;In_Field1 <- customer_agreement_identifier;rs_check_input_is_not_null;Verifies if the input is null.;Daily;High;80.0;95.0;"Nom du KQI: agreement identifier, agreementidentifier ; Champs source: agreement identifier, agreementidentifier ; Mapping d'entrée: agreement identifier, agreementidentifier";00a1cac6-c5d6-49e9-9189-b3dc63f675ef;6W6gpO2miOveidmHhbD2sv
Identifiant du contrat;KQI_RCT_COM_Vue_acheteur_customer_agreement_identifier;Mesure la completude de identifiant du contrat en verifiant que le champ customer_agreement_identifier est renseigne pour les enregistrements controles dans le profil Profile_RCT_PFA_Vue_acheteur, alimente par vue_rct_pfa_acheteur.;Non renseignée;Completeness;BPI_CDQ_RCT;PROFIL;Profile_RCT_PFA_Vue_acheteur;vue_rct_pfa_acheteur;AwsDataCatalog/database_pfa_prod;customer_agreement_identifier;NewInput1 <- customer_agreement_identifier;RQ_RCT_COH_notnull;Complétude  : vérifier que le champ est bien renseigné.;Daily;High;80.0;95.0;"Nom du KQI: agreement identifier, agreementidentifier ; Champs source: agreement identifier, agreementidentifier ; Mapping d'entrée: agreement identifier, agreementidentifier";c407635e-5479-4b9d-bc27-457371e8d443;15r95Vcdb1KlJu8IIczYyi
Identifiant du contrat;KQI_RCT_COM_Vue_fournisseur_pfa_customer_agreement_identifier;Mesure la completude de identifiant du contrat en verifiant que le champ customer_agreement_identifier est renseigne pour les enregistrements controles dans le profil Profile_RCT_PFA_Vue_fournisseur, alimente par vue_rct_pfa_fournisseur.;Non renseignée;Completeness;BPI_CDQ_RCT;PROFIL;Profile_RCT_PFA_Vue_fournisseur;vue_rct_pfa_fournisseur;AwsDataCatalog/database_pfa_prod;customer_agreement_identifier;NewInput1 <- customer_agreement_identifier;RQ_RCT_COH_notnull;Complétude  : vérifier que le champ est bien renseigné.;Daily;High;80.0;95.0;"Nom du KQI: agreement identifier, agreementidentifier ; Champs source: agreement identifier, agreementidentifier ; Mapping d'entrée: agreement identifier, agreementidentifier";cce73086-1db0-4e56-9351-404c2f2631d2;2lLhGRSouYvemzxdXwIaU6
Identifiant du Tiers;KQI_CFR_COM_N_PART_Characteristics_Credit;Mesure la completude de identifiant du Tiers en verifiant que le champ N_PART est renseigne pour les enregistrements controles dans le profil Profil_CFR_Characteristics, alimente par part-00000-0eb97bf8-d4a4-4536-ad75-7f14618a29b1.c000.csv.;Non renseignée;Completeness;BPI_CDQ_CFR;PROFIL;Profil_CFR_Characteristics;part-00000-0eb97bf8-d4a4-4536-ad75-7f14618a29b1.c000.csv;bpi-fr-prod-pda-dlk-trusted/CORPORATE%2FCOMPTOIR_FINANCERISK%2F/MOU%2F/APIS%2F/InstrumentCredit%2F/characteristics%2F/eventdate%3D2024-09-30%2F/SIG%3DALL%2F;N_PART;In_Field1 <- N_PART;rs_check_input_is_not_null;Verifies if the input is null.;Daily;High;80.0;95.0;"Nom du KQI: n part ; Champs source: n part ; Mapping d'entrée: n part";886d5503-2802-4733-9c14-b09513e12d83;0fSo5LgwWe2bJ6l6gpUfo3
Identifiant du Tiers;KQI_CFR_COM_N_PART_characteristics_in_numeramasterlink;Mesure la completude de identifiant du Tiers en verifiant que le champ _N_PART est renseigne pour les enregistrements controles dans le profil Profil_CFR_characteristics_tiers_vs_numeramasterlink, alimente par characteristics_tiers_vs_numeramasterlink.csv.;Non renseignée;Completeness;BPI_CDQ_CFR;PROFIL;Profil_CFR_characteristics_tiers_vs_numeramasterlink;characteristics_tiers_vs_numeramasterlink.csv;bpi-fr-dag-prod-raw-bucket/users%2F/CFR%2F;_N_PART;In_Field1 <- _N_PART;rs_check_input_is_not_null;Verifies if the input is null.;Daily;High;80.0;95.0;"Nom du KQI: n part ; Champs source: n part ; Mapping d'entrée: n part";59e0a501-6071-41a1-a51f-20b1cd742a18;9aeMEFxwAT8foN9vUN2JEp
Identifiant du Tiers;KQI_CFR_COM_N_PART_characteristics_tiers;Mesure la completude de identifiant du Tiers en verifiant que le champ N_PART est renseigne pour les enregistrements controles dans le profil Profil_CFR_Characteristics_tiers, alimente par part-00000-8de3b7c3-db4e-4959-972f-3ec362351ed8.c000.csv.;Non renseignée;Completeness;BPI_CDQ_CFR;PROFIL;Profil_CFR_Characteristics_tiers;part-00000-8de3b7c3-db4e-4959-972f-3ec362351ed8.c000.csv;bpi-fr-prod-pda-dlk-trusted/CORPORATE%2FCOMPTOIR_FINANCERISK%2F/MOU%2F/APIS%2F/party%2F/characteristics%2F/eventdate%3D2024-03-04%2F;N_PART;In_Field1 <- N_PART;rs_check_input_is_not_null;Verifies if the input is null.;Daily;High;80.0;95.0;"Nom du KQI: n part ; Champs source: n part ; Mapping d'entrée: n part";a421eae5-7ede-4684-ad94-6e68d31a54a4;1afZ8tQgfeok7IbvgTkcoi
Identifiant du Tiers;KQI_CFR_COM_N_PART_Party_roles;Mesure la completude de identifiant du Tiers en verifiant que le champ N_PART est renseigne pour les enregistrements controles dans le profil Profil_CFR_Party_Roles, alimente par part-00000-f665ce1b-8fd1-4c2c-a873-8ff071189592.c000.csv.;Non renseignée;Completeness;BPI_CDQ_CFR;PROFIL;Profil_CFR_Party_Roles;part-00000-f665ce1b-8fd1-4c2c-a873-8ff071189592.c000.csv;bpi-fr-prod-pda-dlk-trusted/CORPORATE%2FCOMPTOIR_FINANCERISK%2F/MOU%2F/APIS%2F/InstrumentCredit%2F/party_roles%2F/eventdate%3D2024-02-27%2F/SIG%3DALL%2F;N_PART;In_Field1 <- N_PART;rs_check_input_is_not_null;Verifies if the input is null.;Daily;High;80.0;95.0;"Nom du KQI: n part ; Champs source: n part ; Mapping d'entrée: n part";c2f48b9c-fe8e-4e8e-91a8-75fca1624851;gfR18WBvuqogahjAL2EhA0
Identifiant du Tiers;KQI_CFR_COM_NUMERA_numeramasterlink_vs_characteristics_tiers;Mesure l'unicite de identifiant du Tiers en verifiant que le champ RQ_CFR_1 ne genere pas de doublons ou d'anomalies de rapprochement dans le profil Profil_CFR_numeramsterlink_doublon_NUMERA, alimente par newtest.csv.;Non renseignée;Uniqueness;BPI_CDQ_CFR;PROFIL;Profil_CFR_numeramsterlink_doublon_NUMERA;newtest.csv;bpi-fr-dag-prod-raw-bucket/users%2F/CFR%2F;RQ_CFR_1;Input <- RQ_CFR_1;Rs_CFR_OK_KO;;Daily;High;80.0;95.0;"Nom du KQI: numera ; Profil: numera";acf75501-c6ac-4de5-9b7a-1ecc6fdadecd;8DLHmaSpN06lWzhecKWWOr
Identifiant du Tiers;KQI_CFR_UNI_N_part_characteristics_tiers;Mesure l'unicite de identifiant du Tiers en verifiant que le champ Nombre_N_part ne genere pas de doublons ou d'anomalies de rapprochement dans le profil Profil_CFR_Characteristics_tiers_N_PART_Doublons, alimente par CFR_Characteristics_tiers_doublon_N_part.csv.;Non renseignée;Uniqueness;BPI_CDQ_CFR;PROFIL;Profil_CFR_Characteristics_tiers_N_PART_Doublons;CFR_Characteristics_tiers_doublon_N_part.csv;bpi-fr-dag-prod-raw-bucket/users%2F/CFR%2F;Nombre_N_part;Input <- Nombre_N_part;Rs_CFR_doublon;;Daily;High;80.0;95.0;"Nom du KQI: n part ; Champs source: n part ; Mapping d'entrée: n part ; Profil: n part ; Source: n part";535ef052-fe18-4a14-9f72-c5518dc4c613;1sMFwxr353thFKK8VLEJG9
Identifiant du Tiers;Nom KQI non renseigné;Mesure la conformite du LEI en verifiant que l'identifiant tiers respecte le format attendu de 20 caracteres selon la norme ISO 17442 dans le profil Profil_cli_ret_organis_tobedeleted, alimente par tmp_cli_ret_organisation_party_identification_vw.csv.;Non renseignée;;BPI_CDQ_CLI;PROFIL;Profil_cli_ret_organis_tobedeleted;tmp_cli_ret_organisation_party_identification_vw.csv;bpi-fr-dag-prod-usecases-bucket/CLI%2F;organisationpartyidentificationvalue | organisationpartyidentificationtypeid;organisationpartyidentificationvalue <- organisationpartyidentificationvalue | organisationpartyidentificationtypeid <- organisationpartyidentificationtypeid;RQ_CLI_CON_RET_LEI;EQ_Conformité : le format du LEI doit être de 20 caractères conformément à la norme internationale ISO 17442 : 2012;;;;;"Champs source: n part, organisationpartyid ; Mapping d'entrée: n part, organisationpartyid ; Source: n part, organisationpartyid";abdfdca3-c1f0-41fc-9174-f58d7d362150;9JypGycFKeIgZ9Lf9BzP6o
Identifiant du Tiers;KQI_ESG_COM_organisationpartyid_QSC_CV;Mesure la completude de identifiant du Tiers en verifiant que le champ organisationpartyid est renseigne pour les enregistrements controles dans le profil Profil_ESG_qclimat_coq_vert, alimente par coq_vert.;Non renseignée;Completeness;BPI_CDQ_ESG;Profil;Profil_ESG_qclimat_coq_vert;coq_vert;AwsDataCatalog/corp_esg_qclimat_production_verte;organisationpartyid;In_Field1 <- organisationpartyid;rs_check_input_is_not_null;Verifies if the input is null.;Daily;High;85.0;100.0;"Nom du KQI: n part, organisationpartyid ; Champs source: n part, organisationpartyid ; Mapping d'entrée: n part, organisationpartyid";f733fadb-b2b8-49bf-9e95-38eddb94ab4f;7oeD0GxYVyskBUdEkV6JAj
Identifiant du Tiers;KQI_ESG_COM_organisationpartylocalid_QSC_CV;Mesure la completude de identifiant du Tiers en verifiant que le champ organisationpartylocalid est renseigne pour les enregistrements controles dans le profil Profil_ESG_qclimat_coq_vert, alimente par coq_vert.;Non renseignée;Completeness;BPI_CDQ_ESG;Profil;Profil_ESG_qclimat_coq_vert;coq_vert;AwsDataCatalog/corp_esg_qclimat_production_verte;organisationpartylocalid;In_Field1 <- organisationpartylocalid;rs_check_input_is_not_null;Verifies if the input is null.;Daily;High;85.0;100.0;"Nom du KQI: n part ; Champs source: n part ; Mapping d'entrée: n part";bdd9a4b4-fc7a-4117-a93c-4d584150b5d1;7oeD0GxYVyskBUdEkV6JAj
Identifiant du Tiers;KQI_ESG_COM_PFI_organisationpartyid;Mesure la completude de identifiant du Tiers en verifiant que le champ organisationpartyid est renseigne pour les enregistrements controles dans le profil Profil_ESG_pfii_party_financial_information, alimente par pfii_party_financial_information_vw.;Non renseignée;Completeness;BPI_CDQ_ESG;Profil;Profil_ESG_pfii_party_financial_information;pfii_party_financial_information_vw;AwsDataCatalog/corp_esg_db_expcarb_p;organisationpartyid;In_Field1 <- organisationpartyid;rs_check_input_is_not_null;Verifies if the input is null.;Daily;High;85.0;100.0;"Nom du KQI: n part, organisationpartyid ; Champs source: n part, organisationpartyid ; Mapping d'entrée: n part, organisationpartyid";f5b58663-ec68-4d91-ad10-3a85179079fc;jUwVJe1oki7jwp0VGhnuMu
Identifiant du Tiers;KQI_ESG_CON_COTC_organisationpartyid_type_taille;Mesure la coherence de identifiant du Tiers en verifiant que le champ organisationpartyid ne presente pas d'ecart metier selon la regle RQ_ESG_CON_Type_Taille_Id1 dans le profil profil_ESG_COTC_TENANT_1, alimente par cotc_co2_target_charter_vw.;Non renseignée;Consistency;BPI_CDQ_ESG;Profil;profil_ESG_COTC_TENANT_1;cotc_co2_target_charter_vw;AwsDataCatalog/corp_esg_db_mom_p;organisationpartyid;NewInput1 <- organisationpartyid;RQ_ESG_CON_Type_Taille_Id1;L'identifiant doit être au format numérique ne dépasse 11 caractères ;Daily;High;85.0;100.0;"Nom du KQI: n part, organisationpartyid ; Champs source: n part, organisationpartyid ; Mapping d'entrée: n part, organisationpartyid";46e62cfc-d9e4-4847-97c4-ec11fffda52d;3EESkmG0mkAlKk10WPD9as
Identifiant du Tiers;KQI_ESG_CON_PAIN_organisationpartyid;Mesure la coherence de identifiant du Tiers en verifiant que le champ organisationpartyid ne presente pas d'ecart metier selon la regle RQ_ESG_CON_Type_Taille_Id1 dans le profil Profil_ESG_PAIN_Principal_Adverse_Impact_vw_1, alimente par pain_principal_adverse_impact_vw.;Non renseignée;Consistency;BPI_CDQ_ESG;Profil;Profil_ESG_PAIN_Principal_Adverse_Impact_vw_1;pain_principal_adverse_impact_vw;AwsDataCatalog/corp_esg_db_confidential_p;organisationpartyid;NewInput1 <- organisationpartyid;RQ_ESG_CON_Type_Taille_Id1;L'identifiant doit être au format numérique ne dépasse 11 caractères ;Daily;High;85.0;100.0;"Nom du KQI: n part, organisationpartyid ; Champs source: n part, organisationpartyid ; Mapping d'entrée: n part, organisationpartyid";81ada7e3-42c0-4f77-ab64-2f18928bd8c2;aMJdLTEObGjlL7xrhJfb2T
Identifiant du Tiers;KQI_ESG_CON_PFI_organisationpartyid;Mesure la coherence de identifiant du Tiers en verifiant que le champ organisationpartyid ne presente pas d'ecart metier selon la regle RQ_ESG_CON_Type_Taille_Id dans le profil Profil_ESG_pfii_party_financial_information, alimente par pfii_party_financial_information_vw.;Non renseignée;Consistency;BPI_CDQ_ESG;Profil;Profil_ESG_pfii_party_financial_information;pfii_party_financial_information_vw;AwsDataCatalog/corp_esg_db_expcarb_p;organisationpartyid;Input <- organisationpartyid;RQ_ESG_CON_Type_Taille_Id;L'identifiant doit être au format numérique ne dépasse 11 caractères ;Daily;High;85.0;100.0;"Nom du KQI: n part, organisationpartyid ; Champs source: n part, organisationpartyid ; Mapping d'entrée: n part, organisationpartyid";9b995738-9cf4-4f65-a947-a3487d154770;jUwVJe1oki7jwp0VGhnuMu
Identifiant du Tiers;KQI_ESG_UNI_SCIM_organisationpartyid;Mesure l'unicite de identifiant du Tiers en verifiant que le champ count_res ne genere pas de doublons ou d'anomalies de rapprochement dans le profil Profil_ESG_unicite_scim_score_imc, alimente par stg_unicite_scim_score_imc_vw.csv.;Non renseignée;Uniqueness;BPI_CDQ_ESG;Profil;Profil_ESG_unicite_scim_score_imc;stg_unicite_scim_score_imc_vw.csv;bpi-fr-dag-prod-usecases-bucket/ESG%2F;count_res;NewInput1 <- count_res;RQ_CDQ_UNI_Count;;Daily;High;85.0;100.0;Nom du KQI: n part, organisationpartyid;bde88727-ff7a-4ce8-b018-792b4efef22d;8wiTsrasQKsc5V2XdJUQ2a
Identifiant du Tiers;KQI_STFI_002_INT_002_UAC;Mesure la completude de identifiant du Tiers en verifiant que le champ numera_tier est renseigne pour les enregistrements controles dans le profil Profile_UAC_INT_Stock_Tiers, alimente par M_UAC_Stock_Tiers.csv.;Non renseignée;Completeness;BPI_CDQ_PRX;Profil;Profile_UAC_INT_Stock_Tiers;M_UAC_Stock_Tiers.csv;;numera_tier;numera <- numera_tier;RQ_UAC_Stock_Tiers_Numera;Le champ numera doit être renseigné.;Daily;High;80.0;95.0;"Champs source: numera ; Mapping d'entrée: numera ; Rule Specification: numera";2f02166e-e188-40ca-98fe-fe931b4aae8d;51a0LRvsUUPgC3IK49yV01
Identifiant du Tiers;KQI_RCT_COM_Party_identifier_PFA;Mesure la completude de identifiant du Tiers en verifiant que le champ party_identifier est renseigne pour les enregistrements controles dans le profil Profile_RCT_PFA_party, alimente par party.;Non renseignée;Completeness;BPI_CDQ_RCT;PROFIL;Profile_RCT_PFA_party;party;AwsDataCatalog/database_pfa_prod;party_identifier;In_Field1 <- party_identifier;rs_check_input_is_not_null;Verifies if the input is null.;Daily;High;80.0;95.0;"Nom du KQI: party identifier, partyidentifier ; Champs source: party identifier, partyidentifier ; Mapping d'entrée: party identifier, partyidentifier";7d14df86-306c-458e-87ac-f5f424bf8eaa;02spGWzBlQUgnAh6IegCqj
Identifiant du Tiers;KQI_RET_b_numera_mtr_COM_051;Mesure la completude de identifiant du Tiers en verifiant que le champ b_numera_mtr est renseigne pour les enregistrements controles dans le profil Profil_RET_NumeraCP, alimente par STG_EBX_REP_RET_NUMERACP.csv.;Non renseignée;Completeness;BPI_CDQ_RET;PROFIL;Profil_RET_NumeraCP;STG_EBX_REP_RET_NUMERACP.csv;bpi-fr-dag-prod-raw-bucket/STGRET%2F/STG_EBX_REP_RET_NUMERACP%2F;b_numera_mtr;In_Field1 <- b_numera_mtr;RQ_CDQ_COM_check_not_null;Vérifie si l'entrée est nulle;Daily;High;83.0;98.0;"Nom du KQI: numera ; Champs source: numera ; Mapping d'entrée: numera";a6f5fe3b-8d46-4112-9685-a52a46e35127;2GEpzRaQZPUgB20NxNQ6Wu
Identifiant du Tiers;KQI_RET_COM_NUMERA_PM;Mesure la completude de identifiant du Tiers en verifiant que les champs numeracp et numeracp est renseigne pour les enregistrements controles dans le profil Profil_RET_NUMERACP_PM, alimente par NUMERA_ALL_PM_RET.csv.;Non renseignée;Completeness;BPI_CDQ_RET;PROFIL;Profil_RET_NUMERACP_PM;NUMERA_ALL_PM_RET.csv;bpi-fr-dag-prod-raw-bucket/users%2Fret%2F;numeracp | numeracp;champ <- numeracp | champ <- numeracp;RQ_RET_COMPLETUDE;Règle de vérification de la complétude du champ;Daily;High;80.0;95.0;"Nom du KQI: numera ; Source: numera";45b02c48-9223-43d9-a650-fdaf686b26a4;0wDs9cy1HC5jDiKgpelQ0H
Identifiant du Tiers;KQI_RET_COM_NUMERA_PP;Mesure la completude de identifiant du Tiers en verifiant que le champ numeracp est renseigne pour les enregistrements controles dans le profil PROFIL_RET_NUMERACP_PP, alimente par NUMERA_all_PP_RET.csv.;Non renseignée;Completeness;BPI_CDQ_RET;PROFIL;PROFIL_RET_NUMERACP_PP;NUMERA_all_PP_RET.csv;bpi-fr-dag-prod-raw-bucket/users%2Fret%2F;numeracp;champ <- numeracp;RQ_RET_COMPLETUDE;Règle de vérification de la complétude du champ;Daily;High;80.0;95.0;"Nom du KQI: numera ; Source: numera";e11932e9-7c07-4656-a8f7-6efc1b05b10a;6MtwJu5fslXbgG31eajdU8
Intention de gestion IFRS 9;KQI_CDM_FIAG_c_act_mng_stg_COM;Mesure la completude de intention de gestion IFRS 9 en verifiant que le champ c_act_mng_stg est renseigne pour les enregistrements controles dans le profil Profile_CBS_fiag_financial_agrem, alimente par fiag_financial_agrem.;Non renseignée;Completeness;BPI_CDQ_CBS;Profil;Profile_CBS_fiag_financial_agrem;fiag_financial_agrem;AwsDataCatalog/corp_cdm_tru_mom;c_act_mng_stg;NewInput1 <- c_act_mng_stg;RQ_CDQ_COM_notnull;;Daily;High;80.0;95.0;"Nom du KQI: act mng stg, actmngstg ; Champs source: act mng stg, actmngstg ; Mapping d'entrée: act mng stg, actmngstg";6c679479-afe1-4624-b725-82ae185fe4f7;4L05eNiT0m3deEdZMalZSW
Intention de gestion IFRS 9;KQI_CDM_MAAG_c_act_mng_stg_COM;Mesure la completude de intention de gestion IFRS 9 en verifiant que le champ c_act_mng_stg est renseigne pour les enregistrements controles dans le profil Profile_CBS_maag_master_agreement, alimente par maag_master_agreement.;Non renseignée;Completeness;BPI_CDQ_CBS;Profil;Profile_CBS_maag_master_agreement;maag_master_agreement;AwsDataCatalog/corp_cdm_tru_mom;c_act_mng_stg;NewInput1 <- c_act_mng_stg;RQ_CDQ_COM_notnull;;Daily;High;80.0;95.0;"Nom du KQI: act mng stg, actmngstg ; Champs source: act mng stg, actmngstg ; Mapping d'entrée: act mng stg, actmngstg";13338b10-e711-4191-b73e-faf419e2dcb1;aBWkkdBlC9Bho5KcQ3zVwG
LEI;Nom KQI non renseigné;Mesure la conformite du LEI en verifiant que l'identifiant tiers respecte le format attendu de 20 caracteres selon la norme ISO 17442 dans le profil Profil_cli_ret_organis_tobedeleted, alimente par tmp_cli_ret_organisation_party_identification_vw.csv.;Non renseignée;;BPI_CDQ_CLI;PROFIL;Profil_cli_ret_organis_tobedeleted;tmp_cli_ret_organisation_party_identification_vw.csv;bpi-fr-dag-prod-usecases-bucket/CLI%2F;organisationpartyidentificationvalue | organisationpartyidentificationtypeid;organisationpartyidentificationvalue <- organisationpartyidentificationvalue | organisationpartyidentificationtypeid <- organisationpartyidentificationtypeid;RQ_CLI_CON_RET_LEI;EQ_Conformité : le format du LEI doit être de 20 caractères conformément à la norme internationale ISO 17442 : 2012;;;;;Rule Specification: lei;abdfdca3-c1f0-41fc-9174-f58d7d362150;9JypGycFKeIgZ9Lf9BzP6o
LEI;KQI_BCPRET_COH_Ecart_LEI;Mesure la conformite du LEI en verifiant que l'identifiant tiers respecte le format attendu de 20 caracteres selon la norme ISO 17442 dans le profil PROFIL_RETBCP_EcartLEI, alimente par CTL_RETBCP_LEI.csv.;Non renseignée;Consistency;BPI_CDQ_RETBCP;Profil;PROFIL_RETBCP_EcartLEI;CTL_RETBCP_LEI.csv;bpi-fr-dag-prod-raw-bucket/CTLRET%2F;RULE_RET_Ecart_LEI_COH;NewInput1 <- RULE_RET_Ecart_LEI_COH;RQ_RET_BCPRET_COH_ECART;;Daily;High;80.0;95.0;"Nom du KQI: lei ; Champs source: lei ; Mapping d'entrée: lei ; Source: lei";828d368d-4117-44a1-9593-5a9c29db2b86;iQsGp4LceuRjAgFFzMuhaO
NAF (Nomenclature d'activité française);KQI_CFR_NACE_NAF_COH;Mesure la coherence entre code NACE et code NAF en verifiant que le NACE correspond aux quatre premiers chiffres du NAF dans le profil Profil_CFR_PART_Party, alimente par STG_CFR_PART_PARTY.csv.;Non renseignée;Consistency;BPI_CDQ_CFR;PROFIL;Profil_CFR_PART_Party;STG_CFR_PART_PARTY.csv;bpi-fr-dag-prod-usecases-bucket/CFR%2F;c_nace_CFR | ICONAF;input_code_nace <- c_nace_CFR | input_code_naf <- ICONAF;RQ_CDQ_COH_code_NACE;Code NACE doit être égale au 4 premier chiffre du Code NAF;Daily;High;83.0;98.0;"Nom du KQI: nace, naf ; Champs source: iconaf, nace ; Mapping d'entrée: iconaf, nace, naf ; Rule Specification: nace";e80867d2-0663-46cd-ad5f-319fabd5b2d4;3g9KgplMfQSdOkJ42L75uW
NAF (Nomenclature d'activité française);KQI_CFR_nidnaf_COM_003;Mesure la completude de nAF (Nomenclature d'activité française) en verifiant que les champs nidnaf_CFR et b_pers_part_CFR est renseigne pour les enregistrements controles dans le profil Profil_CFR_PART_Party, alimente par STG_CFR_PART_PARTY.csv.;Non renseignée;Completeness;BPI_CDQ_CFR;PROFIL;Profil_CFR_PART_Party;STG_CFR_PART_PARTY.csv;bpi-fr-dag-prod-usecases-bucket/CFR%2F;nidnaf_CFR | b_pers_part_CFR;Input <- nidnaf_CFR | b_pers_part <- b_pers_part_CFR;RQ_CFR_COM_B_pers_part;;Daily;High;85.0;100.0;"Nom du KQI: nidnaf ; Champs source: nidnaf ; Mapping d'entrée: nidnaf";40c895a2-c24c-4c3a-a16a-d71cdcf36f2b;3g9KgplMfQSdOkJ42L75uW
NAF (Nomenclature d'activité française);KQI_CFR_nidnaf_EXA_010;Mesure l'exactitude de nAF (Nomenclature d'activité française) en comparant les champs nidnaf_CFR et NIDNAF avec la reference attendue afin de detecter les valeurs incorrectes dans le profil Profil_CFR_PART_Party, alimente par STG_CFR_PART_PARTY.csv.;Non renseignée;Accuracy;BPI_CDQ_CFR;PROFIL;Profil_CFR_PART_Party;STG_CFR_PART_PARTY.csv;bpi-fr-dag-prod-usecases-bucket/CFR%2F;nidnaf_CFR | NIDNAF;input_column <- nidnaf_CFR | lookup_column <- NIDNAF;RQ_CFR_EXA_nidnaf_indpay;;Daily;High;85.0;100.0;"Nom du KQI: nidnaf ; Champs source: nidnaf ; Mapping d'entrée: nidnaf ; Rule Specification: nidnaf";79357d07-9e47-4231-b60e-a0ab3140d3a3;3g9KgplMfQSdOkJ42L75uW
NAF (Nomenclature d'activité française);KQI_NAF_001_COM_NAF_001_CLI;Mesure la completude de nAF (Nomenclature d'activité française) en verifiant que le champ NSEC_codesecteur est renseigne pour les enregistrements controles dans le profil Profil_RET_NAF_PM_ClientsActifs, alimente par CTL_RET_DC_CNAF.csv.;Non renseignée;Completeness;BPI_CDQ_RET;PROFIL;Profil_RET_NAF_PM_ClientsActifs;CTL_RET_DC_CNAF.csv;bpi-fr-dag-prod-raw-bucket/CTLRET%2F;NSEC_codesecteur;In_Field1 <- NSEC_codesecteur;RQ_CDQ_COM_check_not_null;Vérifie si l'entrée est nulle;Daily;High;85.0;100.0;"Nom du KQI: naf ; Profil: naf";0cec1a88-5f19-415b-b4c9-056bb83a0d5c;0NoU6hO4tbCcDb9EK5A9cd
NAF (Nomenclature d'activité française);KQI_NAF_002_CON_NAF_001_CLI;Mesure la coherence de nAF (Nomenclature d'activité française) en verifiant que le champ NSEC_codesecteur ne presente pas d'ecart metier selon la regle RS_NAF_002_CON_NAF_001_CLI dans le profil Profil_RET_NAF_PM_ClientsActifs, alimente par CTL_RET_DC_CNAF.csv.;Non renseignée;Consistency;BPI_CDQ_RET;PROFIL;Profil_RET_NAF_PM_ClientsActifs;CTL_RET_DC_CNAF.csv;bpi-fr-dag-prod-raw-bucket/CTLRET%2F;NSEC_codesecteur;codesecteur <- NSEC_codesecteur;RS_NAF_002_CON_NAF_001_CLI;;Daily;High;83.0;98.0;"Nom du KQI: naf ; Rule Specification: naf ; Profil: naf";7d06816e-4fbb-4f75-8803-b3be575bd198;0NoU6hO4tbCcDb9EK5A9cd
NAF (Nomenclature d'activité française);KQI_NAF_003_EXA_NAF_001_CLI;Mesure la validite de nAF (Nomenclature d'activité française) en verifiant que les champs NSEC_codesecteur et MDM_ICONAF respecte le format ou la valeur attendue dans le profil Profil_RET_NAF_PM_ClientsActifs, alimente par CTL_RET_DC_CNAF.csv.;Non renseignée;Validity;BPI_CDQ_RET;PROFIL;Profil_RET_NAF_PM_ClientsActifs;CTL_RET_DC_CNAF.csv;bpi-fr-dag-prod-raw-bucket/CTLRET%2F;NSEC_codesecteur | MDM_ICONAF;CODESECTEUR <- NSEC_codesecteur | ICONAF <- MDM_ICONAF;RS_NAF_003_EXA_NAF_001_CLI;;Daily;High;85.0;100.0;"Nom du KQI: naf ; Champs source: iconaf ; Mapping d'entrée: iconaf ; Rule Specification: naf ; Profil: naf";27efe997-13e4-4733-be27-0dc8b5811fef;0NoU6hO4tbCcDb9EK5A9cd
NAF (Nomenclature d'activité française);KQI_BCPRET_COH_Ecart_CodeNACE;Mesure la coherence de nAF (Nomenclature d'activité française) en verifiant que le champ RULE_BCPRET_COH_Ecart_CodeNACE ne presente pas d'ecart metier selon la regle RQ_RET_BCPRET_COH_ECART dans le profil PROFIL_RETBCP_CODE_NAF_NACE, alimente par CTL_RETBCP_CODE_NAF_NACE.csv.;Non renseignée;Consistency;BPI_CDQ_RETBCP;Profil;PROFIL_RETBCP_CODE_NAF_NACE;CTL_RETBCP_CODE_NAF_NACE.csv;bpi-fr-dag-prod-raw-bucket/CTLRET%2F;RULE_BCPRET_COH_Ecart_CodeNACE;NewInput1 <- RULE_BCPRET_COH_Ecart_CodeNACE;RQ_RET_BCPRET_COH_ECART;;Daily;High;0.0;1.0;"Profil: nace, naf ; Source: nace, naf";f0ffc7ad-97f4-446f-bf39-846e4a7b6c4a;a4c9soXc4BclNSe38ZlwEj
Numéro Client Partenaire CP (Numéra);KQI_CFR_COM_NUMERA_numeramasterlink_vs_characteristics_tiers;Mesure l'unicite de numéro Client Partenaire CP (Numéra) en verifiant que le champ RQ_CFR_1 ne genere pas de doublons ou d'anomalies de rapprochement dans le profil Profil_CFR_numeramsterlink_doublon_NUMERA, alimente par newtest.csv.;Non renseignée;Uniqueness;BPI_CDQ_CFR;PROFIL;Profil_CFR_numeramsterlink_doublon_NUMERA;newtest.csv;bpi-fr-dag-prod-raw-bucket/users%2F/CFR%2F;RQ_CFR_1;Input <- RQ_CFR_1;Rs_CFR_OK_KO;;Daily;High;80.0;95.0;"Nom du KQI: numera ; Profil: numera";acf75501-c6ac-4de5-9b7a-1ecc6fdadecd;8DLHmaSpN06lWzhecKWWOr
Numéro Client Partenaire CP (Numéra);KQI_STFI_002_INT_002_UAC;Mesure la completude de numéro Client Partenaire CP (Numéra) en verifiant que le champ numera_tier est renseigne pour les enregistrements controles dans le profil Profile_UAC_INT_Stock_Tiers, alimente par M_UAC_Stock_Tiers.csv.;Non renseignée;Completeness;BPI_CDQ_PRX;Profil;Profile_UAC_INT_Stock_Tiers;M_UAC_Stock_Tiers.csv;;numera_tier;numera <- numera_tier;RQ_UAC_Stock_Tiers_Numera;Le champ numera doit être renseigné.;Daily;High;80.0;95.0;"Champs source: numera ; Mapping d'entrée: numera ; Rule Specification: numera";2f02166e-e188-40ca-98fe-fe931b4aae8d;51a0LRvsUUPgC3IK49yV01
Numéro Client Partenaire CP (Numéra);KQI_RCT_COM_Party_cp_number_PFA;Mesure la completude de numéro Client Partenaire CP (Numéra) en verifiant que le champ cp_number est renseigne pour les enregistrements controles dans le profil Profile_RCT_PFA_party, alimente par party.;Non renseignée;Completeness;BPI_CDQ_RCT;PROFIL;Profile_RCT_PFA_party;party;AwsDataCatalog/database_pfa_prod;cp_number;In_Field1 <- cp_number;rs_check_input_is_not_null;Verifies if the input is null.;Daily;High;80.0;95.0;"Nom du KQI: cpnumber ; Champs source: cpnumber ; Mapping d'entrée: cpnumber";e7309894-b72a-4356-9112-f197dd5a9a50;02spGWzBlQUgnAh6IegCqj
Numéro Client Partenaire CP (Numéra);KQI_RET_b_numera_mtr_COM_051;Mesure la completude de numéro Client Partenaire CP (Numéra) en verifiant que le champ b_numera_mtr est renseigne pour les enregistrements controles dans le profil Profil_RET_NumeraCP, alimente par STG_EBX_REP_RET_NUMERACP.csv.;Non renseignée;Completeness;BPI_CDQ_RET;PROFIL;Profil_RET_NumeraCP;STG_EBX_REP_RET_NUMERACP.csv;bpi-fr-dag-prod-raw-bucket/STGRET%2F/STG_EBX_REP_RET_NUMERACP%2F;b_numera_mtr;In_Field1 <- b_numera_mtr;RQ_CDQ_COM_check_not_null;Vérifie si l'entrée est nulle;Daily;High;83.0;98.0;"Nom du KQI: numera ; Champs source: numera ; Mapping d'entrée: numera";a6f5fe3b-8d46-4112-9685-a52a46e35127;2GEpzRaQZPUgB20NxNQ6Wu
Numéro Client Partenaire CP (Numéra);KQI_RET_COM_NUMERA_PM;Mesure la completude de numéro Client Partenaire CP (Numéra) en verifiant que les champs numeracp et numeracp est renseigne pour les enregistrements controles dans le profil Profil_RET_NUMERACP_PM, alimente par NUMERA_ALL_PM_RET.csv.;Non renseignée;Completeness;BPI_CDQ_RET;PROFIL;Profil_RET_NUMERACP_PM;NUMERA_ALL_PM_RET.csv;bpi-fr-dag-prod-raw-bucket/users%2Fret%2F;numeracp | numeracp;champ <- numeracp | champ <- numeracp;RQ_RET_COMPLETUDE;Règle de vérification de la complétude du champ;Daily;High;80.0;95.0;"Nom du KQI: numera ; Source: numera";45b02c48-9223-43d9-a650-fdaf686b26a4;0wDs9cy1HC5jDiKgpelQ0H
Numéro Client Partenaire CP (Numéra);KQI_RET_COM_NUMERA_PP;Mesure la completude de numéro Client Partenaire CP (Numéra) en verifiant que le champ numeracp est renseigne pour les enregistrements controles dans le profil PROFIL_RET_NUMERACP_PP, alimente par NUMERA_all_PP_RET.csv.;Non renseignée;Completeness;BPI_CDQ_RET;PROFIL;PROFIL_RET_NUMERACP_PP;NUMERA_all_PP_RET.csv;bpi-fr-dag-prod-raw-bucket/users%2Fret%2F;numeracp;champ <- numeracp;RQ_RET_COMPLETUDE;Règle de vérification de la complétude du champ;Daily;High;80.0;95.0;"Nom du KQI: numera ; Source: numera";e11932e9-7c07-4656-a8f7-6efc1b05b10a;6MtwJu5fslXbgG31eajdU8
Raison sociale;KQI_ESG_COM_COTL_legalname_is_not_null;Mesure la completude de raison sociale en verifiant que le champ legalname est renseigne pour les enregistrements controles dans le profil Profil_ESG_COTL_TENANT_1, alimente par cotl_co2_target_label_vw.;Non renseignée;Completeness;BPI_CDQ_ESG;Profil;Profil_ESG_COTL_TENANT_1;cotl_co2_target_label_vw;AwsDataCatalog/corp_esg_db_mom_p;legalname;In_Field1 <- legalname;RQ_CDQ_COM_check_not_null;Vérifie si l'entrée est nulle;Daily;High;85.0;100.0;"Nom du KQI: legalname ; Champs source: legalname ; Mapping d'entrée: legalname";fd603106-784b-451a-a479-42f540a54e6f;0aPEddn2LCihcE37TpqCsG
Raison sociale; KQI_RET_COH_Ecart_NCSOCIETE;Mesure la validite de raison sociale en verifiant que les champs libellecommercial et LNOMCO respecte le format ou la valeur attendue dans le profil PROFIL_BCPRET_ECART_DONNEES_SIGNALITIQUES, alimente par ret_donnees_signalitiques.csv.;Non renseignée;Validity;BPI_CDQ_RET;PROFIL;PROFIL_BCPRET_ECART_DONNEES_SIGNALITIQUES;ret_donnees_signalitiques.csv;bpi-fr-dag-prod-raw-bucket/users%2F/ret%2F;libellecommercial | LNOMCO;Libellecommercial <- libellecommercial | LNOMCO <- LNOMCO;RQ_RET_COH_Ecart_NCSOCIETE;;Daily;High;0.0;0.0;"Nom du KQI: ncsociete ; Rule Specification: ncsociete";30fda999-a7cd-4ed0-8275-fa7e3f851699;g1sFCiYLry4iwRJsh1288u
Raison sociale;KQI_RET_COH_Ecart_RaisonSociale;Mesure la validite de raison sociale en verifiant que les champs LNOMRA_LONG et LNOMRA et personnemoralefk_ et raisonsociale respecte le format ou la valeur attendue dans le profil PROFIL_BCPRET_ECART_DONNEES_SIGNALITIQUES, alimente par ret_donnees_signalitiques.csv.;Non renseignée;Validity;BPI_CDQ_RET;PROFIL;PROFIL_BCPRET_ECART_DONNEES_SIGNALITIQUES;ret_donnees_signalitiques.csv;bpi-fr-dag-prod-raw-bucket/users%2F/ret%2F;LNOMRA_LONG | LNOMRA | personnemoralefk_ | raisonsociale;LNORMA_LONG <- LNOMRA_LONG | LNORMA <- LNOMRA | personnemoral <- personnemoralefk_ | RaisonSociale <- raisonsociale;RQ_RET_COH_Ecart_RaisonSociale;;Daily;High;82.0;97.0;"Nom du KQI: raison sociale, raisonsociale ; Champs source: raison sociale, raisonsociale ; Mapping d'entrée: raison sociale, raisonsociale ; Rule Specification: raison sociale, raisonsociale";0577559c-1a1a-443e-a436-122c20188c97;g1sFCiYLry4iwRJsh1288u
Raison sociale;KQI_RET_MKD_COH_Libelle_commercial;Mesure la coherence de raison sociale en comparant les champs libellecommercial et legalname afin d'identifier les ecarts entre les sources ou applications controlees dans le profil Profil_RETMKD_Libelle_commercial, alimente par m_ctl_libelle_commercial.csv.;Non renseignée;Consistency;BPI_CDQ_RETMKD;PROFIL;Profil_RETMKD_Libelle_commercial;m_ctl_libelle_commercial.csv;bpi-fr-dag-prod-raw-bucket/users%2F/retmkd%2F;libellecommercial | legalname;NewInput2 <- libellecommercial | NewInput1 <- legalname;RQ_RET_COH_General;règle d'écart entre les champs entre RET et BCP;Daily;High;0.0;0.0;"Champs source: legalname ; Mapping d'entrée: legalname";76e24060-d31e-4ab6-9972-cabeb070cea1;0Dg5pVgiNdqir7RyC86NSf
SIREN;KQI_DVN_COM_siren_IMC;Mesure la completude de sIREN en verifiant que le champ siren est renseigne pour les enregistrements controles dans le profil Profil_ESG_QCLIMAT_IMC, alimente par imc.;Non renseignée;Completeness;BPI_CDQ_ESG;Profil;Profil_ESG_QCLIMAT_IMC;imc;AwsDataCatalog/corp_esg_qclimat_production_verte;siren;In_Field1 <- siren;rs_check_input_is_not_null_DVN;Verifies if the input is null.;Daily;High;85.0;100.0;"Nom du KQI: siren ; Champs source: siren ; Mapping d'entrée: siren";606b48d1-a9eb-4426-9dce-b00bd3eca20e;7ThT4TBf719kv15pBB0m02
SIREN;KQI_DVN_COM_siren_INVEST;Mesure la completude de sIREN en verifiant que le champ siren est renseigne pour les enregistrements controles dans le profil Profil_ESG_QCLIMAT_Invest, alimente par investissement.;Non renseignée;Completeness;BPI_CDQ_ESG;Profil;Profil_ESG_QCLIMAT_Invest;investissement;AwsDataCatalog/corp_esg_qclimat_production_verte;siren;In_Field1 <- siren;rs_check_input_is_not_null;Verifies if the input is null.;Daily;High;69.0;84.0;"Nom du KQI: siren ; Champs source: siren ; Mapping d'entrée: siren";2a50fbd5-9314-46b8-b461-beb3686df633;32vZcknMVVhjnletal6oSV
SIREN;KQI_DVN_COM_siren_PV;Mesure la completude de sIREN en verifiant que le champ siren est renseigne pour les enregistrements controles dans le profil Profil_ESG_QCLIMAT_Prod_Verte, alimente par interventions.;Non renseignée;Completeness;BPI_CDQ_ESG;Profil;Profil_ESG_QCLIMAT_Prod_Verte;interventions;AwsDataCatalog/corp_esg_qclimat_production_verte;siren;In_Field1 <- siren;rs_check_input_is_not_null;Verifies if the input is null.;Daily;High;80.0;95.0;"Nom du KQI: siren ; Champs source: siren ; Mapping d'entrée: siren";90edd541-ab38-40b5-9a92-093a25a92fb2;fdjdQN13eithmXHOcZ6mAK
SIREN;KQI_ESG_CON_CCRE_nsiren_type_taille;Mesure la conformite du SIREN en verifiant que le champ nsiren est numerique et limite a 9 chiffres ou qu il peut rester nul lorsque la regle l autorise dans le profil Profil_ESG_CCRE_Company_Climate_Risks_Exposure, alimente par ccre_company_climate_risks_exposure.;Non renseignée;Consistency;BPI_CDQ_ESG;Profil;Profil_ESG_CCRE_Company_Climate_Risks_Exposure;ccre_company_climate_risks_exposure;AwsDataCatalog/corp_esg_db_mom_p;nsiren;NewInput1 <- nsiren;RQ_ESG_CON_Type_Taille_SIREN_avecnull;La règle vérifie que le siren est numeric et ne dépasse pas 9 chiffres ou est null;Daily;High;85.0;100.0;"Nom du KQI: nsiren ; Champs source: nsiren ; Mapping d'entrée: nsiren ; Rule Specification: siren";c6bc05b2-b597-4491-a807-5625f771e5f7;9f3YY4PybhGivBt1rsjB8s
SIREN;KQI_ESG_CON_COTL_nsiren_taille_type;Mesure la conformite du SIREN en verifiant que le champ nsiren est numerique et limite a 9 chiffres dans le profil Profil_ESG_COTL_TENANT_2, alimente par cotl_co2_target_label_vw.;Non renseignée;Consistency;BPI_CDQ_ESG;Profil;Profil_ESG_COTL_TENANT_2;cotl_co2_target_label_vw;AwsDataCatalog/corp_esg_db_mom_p;nsiren;Input <- nsiren;RQ_ESG_CON_Type_Taille_SIREN;La règle vérifie que le siren est numeric et ne dépasse pas 9 chiffres;Daily;High;85.0;100.0;"Nom du KQI: nsiren ; Champs source: nsiren ; Mapping d'entrée: nsiren ; Rule Specification: siren";604ae692-1bf2-41b1-97de-ff8faf187165;fAS4yVoGFYNbJUNo9GN6mT
SIREN;KQI_ESG_CON_PAIN_nsiren;Mesure la conformite du SIREN en verifiant que le champ nsiren est numerique et limite a 9 chiffres dans le profil Profil_ESG_PAIN_Principal_Adverse_Impact_vw_1, alimente par pain_principal_adverse_impact_vw.;Non renseignée;Consistency;BPI_CDQ_ESG;Profil;Profil_ESG_PAIN_Principal_Adverse_Impact_vw_1;pain_principal_adverse_impact_vw;AwsDataCatalog/corp_esg_db_confidential_p;nsiren;Input <- nsiren;RQ_ESG_CON_Type_Taille_SIREN;La règle vérifie que le siren est numeric et ne dépasse pas 9 chiffres;Daily;High;85.0;100.0;"Nom du KQI: nsiren ; Champs source: nsiren ; Mapping d'entrée: nsiren ; Rule Specification: siren";01cc01db-5f8c-4f67-91e9-b0c01e2f8fb1;aMJdLTEObGjlL7xrhJfb2T
SIREN;KQI_RCT_COM_Party_siren_PFA;Mesure la completude de sIREN en verifiant que le champ siren est renseigne pour les enregistrements controles dans le profil Profile_RCT_PFA_party, alimente par party.;Non renseignée;Completeness;BPI_CDQ_RCT;PROFIL;Profile_RCT_PFA_party;party;AwsDataCatalog/database_pfa_prod;siren;In_Field1 <- siren;rs_check_input_is_not_null;Verifies if the input is null.;Daily;High;80.0;95.0;"Nom du KQI: siren ; Champs source: siren ; Mapping d'entrée: siren";ecf1b1d7-bc24-477a-8c87-b16314687171;02spGWzBlQUgnAh6IegCqj
SIREN;KQI_RCT_COM_Vue_acheteur_siren;Mesure la completude de sIREN en verifiant que le champ siren est renseigne pour les enregistrements controles dans le profil Profile_RCT_PFA_Vue_acheteur, alimente par vue_rct_pfa_acheteur.;Non renseignée;Completeness;BPI_CDQ_RCT;PROFIL;Profile_RCT_PFA_Vue_acheteur;vue_rct_pfa_acheteur;AwsDataCatalog/database_pfa_prod;siren;NewInput1 <- siren;RQ_RCT_COH_notnull;Complétude  : vérifier que le champ est bien renseigné.;Daily;High;80.0;95.0;"Nom du KQI: siren ; Champs source: siren ; Mapping d'entrée: siren";34b5f5d5-d023-487a-9bbe-cbfc41595901;15r95Vcdb1KlJu8IIczYyi
SIREN;KQI_RCT_COM_Vue_fournisseur_pfa_siren;Mesure la completude de sIREN en verifiant que le champ siren est renseigne pour les enregistrements controles dans le profil Profile_RCT_PFA_Vue_fournisseur, alimente par vue_rct_pfa_fournisseur.;Non renseignée;Completeness;BPI_CDQ_RCT;PROFIL;Profile_RCT_PFA_Vue_fournisseur;vue_rct_pfa_fournisseur;AwsDataCatalog/database_pfa_prod;siren;NewInput1 <- siren;RQ_RCT_COH_notnull;Complétude  : vérifier que le champ est bien renseigné.;Daily;High;80.0;95.0;"Nom du KQI: siren ; Champs source: siren ; Mapping d'entrée: siren";6d362cd0-a58a-4f07-a0ee-cac85da9a49b;2lLhGRSouYvemzxdXwIaU6
SIREN;KQI_BCPRET_COH_Ecart_SIREN;Mesure la coherence de sIREN en verifiant que le champ RULE_BCPRET_COH_Ecart_SIREN ne presente pas d'ecart metier selon la regle RQ_RET_BCPRET_COH_ECART dans le profil PROFIL_RETBCP_SIREN, alimente par CTL_RETBCP_SIREN.csv.;Non renseignée;Consistency;BPI_CDQ_RETBCP;Profil;PROFIL_RETBCP_SIREN;CTL_RETBCP_SIREN.csv;bpi-fr-dag-prod-raw-bucket/CTLRET%2F;RULE_BCPRET_COH_Ecart_SIREN;NewInput1 <- RULE_BCPRET_COH_Ecart_SIREN;RQ_RET_BCPRET_COH_ECART;;Daily;High;80.0;95.0;"Nom du KQI: siren ; Champs source: siren ; Mapping d'entrée: siren ; Profil: siren ; Source: siren";22f24a22-a53c-410a-a885-1830b67dfa4a;9qM0J5qQnyVhsKSqEZg0gF
Statut de performance;Nom KQI non renseigné;Mesure la coherence du statut de performance en verifiant que tout sous-statut est accompagne des dates metier attendues, notamment la date d'entree et la date d'effet dans le profil Profil_CLI_rating_stt_perf_vw_topic, alimente par CLT_delta_rating_topic.csv.;Non renseignée;;BPI_CDQ_CLI;PROFIL;Profil_CLI_rating_stt_perf_vw_topic;CLT_delta_rating_topic.csv;bpi-fr-dag-prod-usecases-bucket/CLI%2F;statusCodeIdentifierValue | performanceStatusActivationDate;ss_stt_perf <- statusCodeIdentifierValue | activ_date <- performanceStatusActivationDate;RQ_CLI_COH_STT_PERF;EQ_Cohérence : La donnée sous statut de performance doit systématiquement être accompagnée d’une date d’entrée en sous statut de performance et d’une date d’effet.  on a pas la date d'entrée en sous statut de performance;;;;;"Champs source: performance status, performancestatus ; Mapping d'entrée: perf st, performance status, performancestatus";6f1f7b06-f4ae-4db8-95a5-8e70628a3351;51Crc9azLQFelIeLZgTBwY
Taille d'entreprise;KQI_ESG_CON_COTL_nsiren_taille_type;Mesure la conformite du SIREN en verifiant que le champ nsiren est numerique et limite a 9 chiffres dans le profil Profil_ESG_COTL_TENANT_2, alimente par cotl_co2_target_label_vw.;Non renseignée;Consistency;BPI_CDQ_ESG;Profil;Profil_ESG_COTL_TENANT_2;cotl_co2_target_label_vw;AwsDataCatalog/corp_esg_db_mom_p;nsiren;Input <- nsiren;RQ_ESG_CON_Type_Taille_SIREN;La règle vérifie que le siren est numeric et ne dépasse pas 9 chiffres;Daily;High;85.0;100.0;Nom du KQI: taille type;604ae692-1bf2-41b1-97de-ff8faf187165;fAS4yVoGFYNbJUNo9GN6mT
